[{"accountEntryRestricted":false,"accountEntryRestrictedObjectFieldName":"","active":true,"dateCreated":"2023-05-04T14:52:58Z","dateModified":"2023-05-05T19:18:57Z","defaultLanguageId":"en_US","enableCategorization":true,"enableComments":false,"enableObjectEntryHistory":false,"externalReferenceCode":"S_POSTAL_ADDRESS","id":44030,"label":{"en_US":"Postal Address"},"name":"Address","objectActions":[],"objectFields":[{"externalReferenceCode":"cac4abe4-b216-d9dc-0bd4-1613f9a2b428","id":44032,"label":{"en_US":"Create Date"},"name":"createDate","system":true},{"externalReferenceCode":"b0f91d87-e29c-1a2f-03f2-15f01d659278","id":44031,"label":{"en_US":"Author"},"name":"creator","system":true},{"externalReferenceCode":"a452c0b1-22e4-948f-907f-9b96fe08deb8","id":44033,"label":{"en_US":"External Reference Code"},"name":"externalReferenceCode","system":true},{"externalReferenceCode":"024d41ca-484f-9ea7-f69b-7e04a1b4b611","id":44034,"label":{"en_US":"ID"},"name":"id","system":true},{"externalReferenceCode":"f37920b2-539f-3e02-e06a-c674fffb9896","id":44035,"label":{"en_US":"Modified Date"},"name":"modifiedDate","system":true},{"externalReferenceCode":"083a7234-289c-0954-95e4-781b26ecd406","id":44037,"label":{"en_US":"Name"},"name":"name","system":true},{"externalReferenceCode":"93b05aba-4773-0279-4adb-2f866ab371c8","id":44036,"label":{"en_US":"Status"},"name":"status","system":true},{"externalReferenceCode":"2121afc2-a89f-ea20-f98d-c9f73db1c5c7","id":44038,"label":{"en_US":"Street 1"},"name":"streetAddressLine1","system":true}],"objectLayouts":[],"objectRelationships":[],"objectValidationRules":[],"objectViews":[],"panelCategoryKey":"","parameterRequired":true,"pluralLabel":{"en_US":"Postal Addresses"},"portlet":false,"restContextPath":"/o/headless-admin-user/v1.0/accounts/{accountId}/postal-addresses","scope":"company","status":{"label":"approved"},"system":true,"titleObjectFieldName":"name"},{"accountEntryRestricted":false,"accountEntryRestrictedObjectFieldName":"","active":true,"dateCreated":"2023-05-04T14:52:58Z","dateModified":"2023-05-05T19:18:46Z","defaultLanguageId":"en_US","enableCategorization":true,"enableComments":false,"enableObjectEntryHistory":false,"externalReferenceCode":"S_ACCOUNT","id":44039,"label":{"en_US":"Account"},"name":"AccountEntry","objectActions":[],"objectFields":[{"externalReferenceCode":"8e3f7278-bd76-8837-e855-1011a5f37799","id":44041,"label":{"en_US":"Create Date"},"name":"createDate","system":true},{"externalReferenceCode":"c208b259-7766-a87f-1c95-805bc399dc92","id":44040,"label":{"en_US":"Author"},"name":"creator","system":true},{"externalReferenceCode":"94571270-6da3-17fb-ab9c-e7bad980330f","id":44047,"label":{"en_US":"Description"},"name":"description","system":true},{"externalReferenceCode":"a5e23d24-4a28-6c37-62c7-995e47b5392e","id":44042,"label":{"en_US":"External Reference Code"},"name":"externalReferenceCode","system":true},{"externalReferenceCode":"1f6a2206-ce2b-9940-1be1-f6c55d6aae6b","id":44043,"label":{"en_US":"ID"},"name":"id","system":true},{"externalReferenceCode":"cdc226e0-5279-7265-8baf-6c71524abb98","id":44044,"label":{"en_US":"Modified Date"},"name":"modifiedDate","system":true},{"externalReferenceCode":"b974375d-2ecc-635b-87d5-b635415ee03c","id":44046,"label":{"en_US":"Name"},"name":"name","system":true},{"externalReferenceCode":"4521cddb-fafe-e49c-69e5-afdd45248476","id":44045,"label":{"en_US":"Status"},"name":"status","system":true},{"externalReferenceCode":"007646f3-3074-d2ba-8bc7-74f6469e1256","id":44048,"label":{"en_US":"Type"},"name":"type","system":true}],"objectLayouts":[],"objectRelationships":[{"id":44580,"label":{"en_US":"Account to Tickets, Restriction"},"name":"accountToTicketsRestriction"}],"objectValidationRules":[],"objectViews":[],"panelCategoryKey":"","parameterRequired":false,"pluralLabel":{"en_US":"Accounts"},"portlet":false,"restContextPath":"/o/headless-admin-user/v1.0/accounts","scope":"company","status":{"label":"approved"},"system":true,"titleObjectFieldName":"name"},{"accountEntryRestricted":false,"accountEntryRestrictedObjectFieldName":"","active":true,"dateCreated":"2023-05-04T14:52:58Z","dateModified":"2023-05-05T19:18:38Z","defaultLanguageId":"en_US","enableCategorization":true,"enableComments":false,"enableObjectEntryHistory":false,"externalReferenceCode":"S_USER","id":44049,"label":{"en_US":"User"},"name":"User","objectActions":[],"objectFields":[{"externalReferenceCode":"6b6710cc-d1e7-cf41-c238-d19cfe2af6ef","id":44056,"label":{"en_US":"Middle Name"},"name":"additionalName","system":true},{"externalReferenceCode":"e413b55d-b7d2-85d9-5faf-bd65ab32bbef","id":44057,"label":{"en_US":"Screen Name"},"name":"alternateName","system":true},{"externalReferenceCode":"f5346be4-463d-6f91-941c-06409238a89e","id":44051,"label":{"en_US":"Create Date"},"name":"createDate","system":true},{"externalReferenceCode":"68322947-e04c-ad0b-f11d-57c16b69a852","id":44050,"label":{"en_US":"Author"},"name":"creator","system":true},{"externalReferenceCode":"8e2e9165-a2cc-773c-f0d8-9f8f462ed38b","id":44058,"label":{"en_US":"Email Address"},"name":"emailAddress","system":true},{"externalReferenceCode":"da6f0bd2-4cc5-aaad-cc05-23ab2f3eac62","id":44052,"label":{"en_US":"External Reference Code"},"name":"externalReferenceCode","system":true},{"externalReferenceCode":"a3c1708f-145e-b511-0a9f-ba63ae2e9039","id":44059,"label":{"en_US":"Last Name"},"name":"familyName","system":true},{"externalReferenceCode":"8fec9671-f23f-3c04-b49a-73d6f3664d1b","id":44060,"label":{"en_US":"First Name"},"name":"givenName","system":true},{"externalReferenceCode":"caaa2037-4da1-9cea-687f-7024064d92cc","id":44053,"label":{"en_US":"ID"},"name":"id","system":true},{"externalReferenceCode":"598f0825-2a69-b1c6-2f6f-7771b39d786c","id":44061,"label":{"en_US":"Last Login Date"},"name":"lastLoginDate","system":true},{"externalReferenceCode":"e874c318-a806-6f17-602f-c8436100aae2","id":44054,"label":{"en_US":"Modified Date"},"name":"modifiedDate","system":true},{"externalReferenceCode":"6a146993-7f0d-6c93-69c7-662917f53e74","id":44055,"label":{"en_US":"Status"},"name":"status","system":true},{"externalReferenceCode":"7e1a9ece-9091-2f12-3810-1623e821c942","id":44062,"label":{"en_US":"UUID"},"name":"uuid","system":true}],"objectLayouts":[],"objectRelationships":[{"id":44579,"label":{"en_US":"Tickets to Users, Watchers"},"name":"ticketsToUsersWatchers"},{"id":44584,"label":{"en_US":"User to Tickets, Assignee"},"name":"userToTicketsAssignee"}],"objectValidationRules":[],"objectViews":[],"panelCategoryKey":"","parameterRequired":false,"pluralLabel":{"en_US":"Users"},"portlet":false,"restContextPath":"/o/headless-admin-user/v1.0/user-accounts","scope":"company","status":{"label":"approved"},"system":true,"titleObjectFieldName":"givenName"},{"accountEntryRestricted":false,"accountEntryRestrictedObjectFieldName":"","active":true,"dateCreated":"2023-05-04T14:52:58Z","dateModified":"2023-05-05T19:18:29Z","defaultLanguageId":"en_US","enableCategorization":true,"enableComments":false,"enableObjectEntryHistory":false,"externalReferenceCode":"S_COMMERCE_PRODUCT_GROUP","id":44063,"label":{"en_US":"Commerce Product Group"},"name":"CommercePricingClass","objectActions":[],"objectFields":[{"externalReferenceCode":"06a5d736-d9ab-755b-59bf-50fddfda7007","id":44065,"label":{"en_US":"Create Date"},"name":"createDate","system":true},{"externalReferenceCode":"77a520ce-26d5-f8a5-c5be-fc0edde4451b","id":44064,"label":{"en_US":"Author"},"name":"creator","system":true},{"externalReferenceCode":"07b72684-b225-4f40-a56c-3aaedcbbdf4a","id":44070,"label":{"en_US":"Description"},"name":"description","system":true},{"externalReferenceCode":"9a3cc14c-d18f-a8b6-86ed-02a7979a497d","id":44066,"label":{"en_US":"External Reference Code"},"name":"externalReferenceCode","system":true},{"externalReferenceCode":"cd22972b-4558-df86-1707-558f3d511a7c","id":44067,"label":{"en_US":"ID"},"name":"id","system":true},{"externalReferenceCode":"8a3bba00-fc97-569f-f937-64704cf12b48","id":44068,"label":{"en_US":"Modified Date"},"name":"modifiedDate","system":true},{"externalReferenceCode":"ee74a06c-6763-b305-a15a-da0d5fa0acd9","id":44071,"label":{"en_US":"Number of Products"},"name":"productsCount","system":true},{"externalReferenceCode":"9e81f22c-8406-2d09-bf30-8acba64ca2cf","id":44069,"label":{"en_US":"Status"},"name":"status","system":true},{"externalReferenceCode":"0bb974fc-f71e-46b0-f351-dee7f144cc45","id":44072,"label":{"en_US":"Title"},"name":"title","system":true}],"objectLayouts":[],"objectRelationships":[],"objectValidationRules":[],"objectViews":[],"panelCategoryKey":"","parameterRequired":false,"pluralLabel":{"en_US":"Commerce Product Groups"},"portlet":false,"restContextPath":"/o/headless-commerce-admin-catalog/v1.0/product-groups","scope":"company","status":{"label":"approved"},"system":true,"titleObjectFieldName":"title"},{"accountEntryRestricted":false,"accountEntryRestrictedObjectFieldName":"","active":true,"dateCreated":"2023-05-04T14:52:58Z","dateModified":"2023-05-05T19:18:18Z","defaultLanguageId":"en_US","enableCategorization":true,"enableComments":false,"enableObjectEntryHistory":false,"externalReferenceCode":"S_COMMERCE_ORDER","id":44073,"label":{"en_US":"Commerce Order"},"name":"CommerceOrder","objectActions":[],"objectFields":[{"externalReferenceCode":"200924e5-0618-b1b0-0d64-a91bb6470bdc","id":44080,"label":{"en_US":"Account ID"},"name":"accountId","system":true},{"externalReferenceCode":"2e27a63a-ebe5-505a-61df-dfde566bdcd4","id":44081,"label":{"en_US":"Channel ID"},"name":"channelId","system":true},{"externalReferenceCode":"5ee1a0f5-f16e-c220-d20e-f90ddaa11d23","id":44075,"label":{"en_US":"Create Date"},"name":"createDate","system":true},{"externalReferenceCode":"72116dc4-fa8c-875e-d139-741694eb543b","id":44074,"label":{"en_US":"Author"},"name":"creator","system":true},{"externalReferenceCode":"50ba573e-f751-5d4e-3b75-b3e83e976ea0","id":44082,"label":{"en_US":"Currency Code"},"name":"currencyCode","system":true},{"externalReferenceCode":"177145ad-dcff-64c8-698d-9ad32286df22","id":44076,"label":{"en_US":"External Reference Code"},"name":"externalReferenceCode","system":true},{"externalReferenceCode":"31365e5e-08e8-70ed-4fac-426cd2aa7d55","id":44077,"label":{"en_US":"ID"},"name":"id","system":true},{"externalReferenceCode":"3b64ad34-86e4-e772-cd2c-2fff6c57bb10","id":44078,"label":{"en_US":"Modified Date"},"name":"modifiedDate","system":true},{"externalReferenceCode":"8ca17c6c-7897-4c88-872e-8eaabb78b9c5","id":44083,"label":{"en_US":"Order Status"},"name":"orderStatus","system":true},{"externalReferenceCode":"00e58a04-ee49-3418-c5c3-e38a32483b93","id":44084,"label":{"en_US":"Shipping Amount"},"name":"shippingAmount","system":true},{"externalReferenceCode":"9bf7fe5e-d239-2369-091f-7193bb8ff82b","id":44079,"label":{"en_US":"Status"},"name":"status","system":true}],"objectLayouts":[],"objectRelationships":[{"id":44577,"label":{"en_US":"Tickets to Orders"},"name":"ticketsToOrders"}],"objectValidationRules":[],"objectViews":[],"panelCategoryKey":"","parameterRequired":false,"pluralLabel":{"en_US":"Commerce Orders"},"portlet":false,"restContextPath":"/o/headless-commerce-admin-order/v1.0/orders","scope":"company","status":{"label":"approved"},"system":true,"titleObjectFieldName":"id"},{"accountEntryRestricted":false,"accountEntryRestrictedObjectFieldName":"","active":true,"dateCreated":"2023-05-04T14:52:58Z","dateModified":"2023-05-05T19:13:25Z","defaultLanguageId":"en_US","enableCategorization":true,"enableComments":false,"enableObjectEntryHistory":false,"externalReferenceCode":"S_COMMERCE_PRODUCT","id":44085,"label":{"en_US":"Commerce Product"},"name":"CPDefinition","objectActions":[],"objectFields":[{"externalReferenceCode":"120d5e19-e6ce-afe5-a3f6-6bde90fc5d46","id":44092,"label":{"en_US":"Active"},"name":"active","system":true},{"externalReferenceCode":"dc3cdb3d-bfc3-fdcf-5e41-a2d1b4fb0e78","id":44093,"label":{"en_US":"Catalog ID"},"name":"catalogId","system":true},{"externalReferenceCode":"e33f7eec-5b58-d856-de07-188c8cdcedcd","id":44087,"label":{"en_US":"Create Date"},"name":"createDate","system":true},{"externalReferenceCode":"bb33408b-31ae-85b4-b2ec-f3af39dc592d","id":44086,"label":{"en_US":"Author"},"name":"creator","system":true},{"externalReferenceCode":"85025a5f-1d65-83cc-9b40-81746e6fbf5f","id":44094,"label":{"en_US":"Description"},"name":"description","system":true},{"externalReferenceCode":"6dbfac04-3741-2446-44bf-9d5fa4d31b07","id":44088,"label":{"en_US":"External Reference Code"},"name":"externalReferenceCode","system":true},{"externalReferenceCode":"09c0e760-b13e-54c7-d7e4-11e6e4d086ca","id":44089,"label":{"en_US":"ID"},"name":"id","system":true},{"externalReferenceCode":"83d83d36-55b8-e2c8-0614-3458088b1828","id":44090,"label":{"en_US":"Modified Date"},"name":"modifiedDate","system":true},{"externalReferenceCode":"a6f4c20d-8e2e-2d45-9d38-428c81f6444d","id":44095,"label":{"en_US":"Name"},"name":"name","system":true},{"externalReferenceCode":"79514353-4ed5-dd1f-cab5-8804c383932a","id":44096,"label":{"en_US":"Product ID"},"name":"productId","system":true},{"externalReferenceCode":"e4936b60-cad8-85ba-34ad-16773ca54f5c","id":44097,"label":{"en_US":"Product Type"},"name":"productType","system":true},{"externalReferenceCode":"bde95076-552b-94a0-fc23-1740e3d4bee1","id":44098,"label":{"en_US":"Short Description"},"name":"shortDescription","system":true},{"externalReferenceCode":"c3d88160-b940-27b6-aa8d-8c2d4ab96615","id":44099,"label":{"en_US":"SKU"},"name":"skuFormatted","system":true},{"externalReferenceCode":"4e04b6a2-4882-bb95-e8e5-108c78e9a7b2","id":44091,"label":{"en_US":"Status"},"name":"status","system":true},{"externalReferenceCode":"240a285e-a0ec-9065-96d8-261fe7a11c90","id":44100,"label":{"en_US":"Thumbnail"},"name":"thumbnail","system":true},{"externalReferenceCode":"12a9bb90-41be-c0f2-c370-4e927b888995","id":44101,"label":{"en_US":"UUID"},"name":"uuid","system":true}],"objectLayouts":[],"objectRelationships":[{"id":44575,"label":{"en_US":"Tickets to Products"},"name":"ticketsToProducts"}],"objectValidationRules":[],"objectViews":[],"panelCategoryKey":"","parameterRequired":false,"pluralLabel":{"en_US":"Commerce Products"},"portlet":false,"restContextPath":"/o/headless-commerce-admin-catalog/v1.0/products","scope":"company","status":{"label":"approved"},"system":true,"titleObjectFieldName":"name"},{"accountEntryRestricted":false,"accountEntryRestrictedObjectFieldName":"","active":false,"dateCreated":"2023-05-05T18:56:54Z","dateModified":"2023-05-05T18:56:55Z","defaultLanguageId":"en_US","enableCategorization":true,"enableComments":true,"enableObjectEntryHistory":false,"externalReferenceCode":"C_TICKET","id":44453,"label":{"en_US":"Ticket"},"name":"Ticket","objectActions":[{"active":true,"dateCreated":"2023-05-05T19:39:10Z","dateModified":"2023-05-05T19:39:10Z","externalReferenceCode":"60b953ba-ef92-d756-6083-b70a70fedbd3","id":44588,"label":{"en_US":"Ticket Assigned, Email Notification, Assignee"},"name":"ticketAssignedEmailNotificationAssignee","status":{"label":"never-ran"}},{"active":true,"dateCreated":"2023-05-05T19:39:23Z","dateModified":"2023-05-05T19:39:23Z","externalReferenceCode":"f196cebd-b784-3e08-2cd8-b396e469087a","id":44589,"label":{"en_US":"Ticket Assigned, User Notification, Assignee"},"name":"ticketAssignedUserNotificationAssignee","status":{"label":"never-ran"}},{"active":true,"dateCreated":"2023-05-05T19:39:39Z","dateModified":"2023-05-05T19:39:39Z","externalReferenceCode":"525828fb-e729-7465-36a8-a825bb76f63b","id":44590,"label":{"en_US":"Ticket Created, User Notification, Admin "},"name":"ticketCreatedUserNotificationAdmin","status":{"label":"never-ran"}},{"active":true,"dateCreated":"2023-05-05T19:39:55Z","dateModified":"2023-05-05T19:39:55Z","externalReferenceCode":"2e8a6c9a-56ed-c773-11ee-686b03c23310","id":44591,"label":{"en_US":"Ticket Created, Email Notification, Admin"},"name":"ticketCreatedEmailNotificationAdmin","status":{"label":"never-ran"}},{"active":true,"dateCreated":"2023-05-05T19:40:05Z","dateModified":"2023-05-05T19:40:05Z","externalReferenceCode":"66ef5b8a-e26f-ccf7-9f42-09c3188a209c","id":44592,"label":{"en_US":"Ticket Resolved, Email Notification, Creator"},"name":"ticketResolvedEmailNotificationCreator","status":{"label":"never-ran"}},{"active":true,"dateCreated":"2023-05-05T19:40:15Z","dateModified":"2023-05-05T19:40:15Z","externalReferenceCode":"48161d1c-461c-67e8-2678-b3faa22aff99","id":44593,"label":{"en_US":"Ticket Resolved, User Notification, Creator"},"name":"ticketResolvedUserNotificationCreator","status":{"label":"never-ran"}}],"objectFields":[{"externalReferenceCode":"d4ada6f2-d1d4-bce9-8725-f38638dac071","id":44460,"label":{"en_US":"Attachment"},"name":"attachment","system":false},{"externalReferenceCode":"5f60e99c-ab18-9681-f8c1-995a31b2e3a2","id":44455,"label":{"en_US":"Create Date"},"name":"createDate","system":true},{"externalReferenceCode":"de62ed39-24d7-3bfd-450c-0a5932e10ecd","id":44454,"label":{"en_US":"Author"},"name":"creator","system":true},{"externalReferenceCode":"1e40d57d-84ca-a929-d540-156357c3ed00","id":44466,"label":{"en_US":"Description"},"name":"description","system":false},{"externalReferenceCode":"aec83fab-45f7-87f0-815d-57c23375ca8f","id":44456,"label":{"en_US":"External Reference Code"},"name":"externalReferenceCode","system":true},{"externalReferenceCode":"7e0bab0f-fae4-cf77-f90a-1ace32c820c0","id":44457,"label":{"en_US":"ID"},"name":"id","system":true},{"externalReferenceCode":"7a3c53d9-b695-408e-692e-7ca80bb66f71","id":44458,"label":{"en_US":"Modified Date"},"name":"modifiedDate","system":true},{"externalReferenceCode":"e76c634b-0b52-1ef8-f22c-cc39c0f988c8","id":44467,"label":{"en_US":"Priority"},"name":"priority","system":false},{"externalReferenceCode":"9627a3cc-5489-b7a0-62b2-bd03bff53aa8","id":44581,"label":{"en_US":"Account to Tickets, Restriction"},"name":"r_accountToTicketsRestriction_accountEntryId","system":false},{"externalReferenceCode":"df42e15f-8398-fc6f-cd1e-1a4b5511ac17","id":44585,"label":{"en_US":"User to Tickets, Assignee"},"name":"r_userToTicketsAssignee_userId","system":false},{"externalReferenceCode":"1a2dcd54-8a82-df4c-7617-3c6e67180eea","id":44468,"label":{"en_US":"Resolution"},"name":"resolution","system":false},{"externalReferenceCode":"f75f105c-99cf-3661-b8c8-2f4bfc144fec","id":44459,"label":{"en_US":"Status"},"name":"status","system":true},{"externalReferenceCode":"7c87a3b1-7213-2475-2530-e2815305a62a","id":44469,"label":{"en_US":"Subject"},"name":"subject","system":false},{"externalReferenceCode":"61314263-1234-9c0d-2489-07fb5d5648ac","id":44470,"label":{"en_US":"Support Region"},"name":"supportRegion","system":false},{"externalReferenceCode":"0a0699b4-c59a-f50c-ed52-046ebca1b804","id":44471,"label":{"en_US":"Ticket Status"},"name":"ticketStatus","system":false},{"externalReferenceCode":"e2246594-ec9c-8ae6-d803-5df513cb6c89","id":44565,"label":{"en_US":"Type"},"name":"type","system":false}],"objectLayouts":[],"objectRelationships":[{"id":44572,"label":{"en_US":"Related Tickets"},"name":"relatedTickets"},{"id":44573,"label":{"en_US":"Related Tickets"},"name":"relatedTickets"},{"id":44574,"label":{"en_US":"Tickets to Products"},"name":"ticketsToProducts"},{"id":44576,"label":{"en_US":"Tickets to Orders"},"name":"ticketsToOrders"},{"id":44578,"label":{"en_US":"Tickets to Users, Watchers"},"name":"ticketsToUsersWatchers"}],"objectValidationRules":[],"objectViews":[],"panelCategoryKey":"control_panel.object","parameterRequired":false,"pluralLabel":{"en_US":"Tickets"},"portlet":false,"restContextPath":"/o/c/tickets","scope":"company","status":{"label":"draft"},"system":false,"titleObjectFieldName":"id"}]